chain_id,chain_type,residue,position,x,y,z,pdb_id
A,protein,PHE,23,-9.128,2.697,58.071,4ola
A,protein,LYS,24,-12.074,3.332,60.394,4ola
A,protein,PRO,25,-14.208,6.522,60.551,4ola
A,protein,PRO,26,-14.045,8.435,63.865,4ola
A,protein,PRO,27,-16.962,8.428,66.298,4ola
A,protein,ARG,28,-19.275,11.445,66.484,4ola
A,protein,PRO,29,-17.385,13.88,68.785,4ola
A,protein,ASP,30,-20.472,15.683,70.102,4ola
A,protein,PHE,31,-23.857,16.988,68.958,4ola
A,protein,GLY,32,-23.505,20.75,68.513,4ola
A,protein,THR,33,-25.808,23.498,69.685,4ola
A,protein,SER,34,-25.251,26.426,67.314,4ola
A,protein,GLY,35,-28.204,28.037,65.537,4ola
A,protein,ARG,36,-31.862,28.521,66.426,4ola
A,protein,THR,37,-34.009,25.401,66.727,4ola
A,protein,ILE,38,-36.608,24.517,64.102,4ola
A,protein,LYS,39,-39.185,21.721,64.061,4ola
A,protein,LEU,40,-38.759,19.379,61.11,4ola
A,protein,GLN,41,-40.171,16.176,59.691,4ola
A,protein,ALA,42,-38.078,13.723,57.675,4ola
A,protein,ASN,43,-39.166,11.024,55.233,4ola
A,protein,PHE,44,-37.827,8.421,57.655,4ola
A,protein,PHE,45,-40.456,6.107,59.128,4ola
A,protein,GLU,46,-39.604,4.281,62.358,4ola
A,protein,MET,47,-39.509,0.496,62.173,4ola
A,protein,ASP,48,-40.572,-1.672,65.101,4ola
A,protein,ILE,49,-38.376,-4.751,64.826,4ola
A,protein,PRO,50,-38.573,-7.974,66.886,4ola
A,protein,LYS,51,-35.592,-9.496,68.705,4ola
A,protein,ILE,52,-36.076,-12.845,66.958,4ola
A,protein,ASP,53,-33.544,-14.661,64.793,4ola
A,protein,ILE,54,-33.8,-14.534,61.007,4ola
A,protein,TYR,55,-32.81,-17.67,59.107,4ola
A,protein,HIS,56,-30.553,-17.126,56.11,4ola
A,protein,TYR,57,-30.764,-19.603,53.233,4ola
A,protein,GLU,58,-28.525,-19.714,50.146,4ola
A,protein,LEU,59,-29.85,-20.73,46.727,4ola
A,protein,ASP,60,-27.976,-22.409,43.893,4ola
A,protein,ILE,61,-30.185,-22.418,40.814,4ola
A,protein,LYS,62,-29.184,-23.625,37.351,4ola
A,protein,PRO,63,-28.962,-22.063,34.806,4ola
A,protein,GLU,64,-27.318,-19.339,36.921,4ola
A,protein,LYS,65,-27.358,-16.339,34.572,4ola
A,protein,CYS,66,-31.117,-15.775,34.666,4ola
A,protein,PRO,67,-32.498,-12.276,35.345,4ola
A,protein,ARG,68,-33.608,-11.565,38.922,4ola
A,protein,ARG,69,-37.293,-11.625,37.961,4ola
A,protein,VAL,70,-37.133,-15.132,36.511,4ola
A,protein,ASN,71,-35.289,-16.137,39.685,4ola
A,protein,ARG,72,-38.12,-14.601,41.707,4ola
A,protein,GLU,73,-40.814,-16.518,39.817,4ola
A,protein,ILE,74,-38.861,-19.753,40.194,4ola
A,protein,VAL,75,-38.64,-19.17,43.943,4ola
A,protein,GLU,76,-42.292,-18.097,44.006,4ola
A,protein,HIS,77,-43.481,-21.351,42.438,4ola
A,protein,MET,78,-40.909,-23.401,44.364,4ola
A,protein,VAL,79,-42.409,-22.238,47.66,4ola
A,protein,GLN,80,-45.987,-23.205,46.791,4ola
A,protein,HIS,81,-45.075,-26.426,44.974,4ola
A,protein,PHE,82,-43.135,-27.734,47.975,4ola
A,protein,LYS,83,-45.459,-26.364,50.656,4ola
A,protein,THR,84,-46.327,-29.844,51.926,4ola
A,protein,GLN,85,-42.768,-30.977,52.649,4ola
A,protein,ILE,86,-40.586,-27.861,52.823,4ola
A,protein,PHE,87,-42.123,-24.425,53.277,4ola
A,protein,GLY,88,-45.525,-25.101,54.859,4ola
A,protein,ASP,89,-47.213,-21.918,56.056,4ola
A,protein,ARG,90,-43.924,-20.004,56.138,4ola
A,protein,LYS,91,-43.365,-16.992,53.89,4ola
A,protein,PRO,92,-39.735,-16.764,52.772,4ola
A,protein,VAL,93,-38.342,-13.592,51.219,4ola
A,protein,PHE,94,-35.874,-13.532,48.339,4ola
A,protein,ASP,95,-33.253,-11.024,47.158,4ola
A,protein,GLY,96,-33.704,-12.106,43.534,4ola
A,protein,ARG,97,-30.441,-14.043,43.372,4ola
A,protein,LYS,98,-29.163,-16.505,46.0,4ola
A,protein,ASN,99,-30.405,-15.264,49.377,4ola
A,protein,LEU,100,-33.652,-16.534,50.883,4ola
A,protein,TYR,101,-34.762,-15.61,54.404,4ola
A,protein,THR,102,-37.412,-17.147,56.648,4ola
A,protein,ALA,103,-38.861,-15.962,59.957,4ola
A,protein,MET,104,-38.683,-19.571,61.168,4ola
A,protein,PRO,105,-36.174,-22.356,60.376,4ola
A,protein,LEU,106,-36.858,-24.723,57.482,4ola
A,protein,PRO,107,-37.0,-28.463,58.286,4ola
A,protein,ILE,108,-33.865,-29.008,56.188,4ola
A,protein,GLY,109,-30.988,-27.51,58.186,4ola
A,protein,ARG,110,-28.406,-28.548,57.625,4ola
A,protein,ASP,111,-27.886,-30.947,54.678,4ola
A,protein,LYS,112,-28.097,-30.63,50.873,4ola
A,protein,VAL,113,-31.594,-30.394,49.435,4ola
A,protein,GLU,114,-31.849,-30.354,45.653,4ola
A,protein,LEU,115,-35.189,-29.519,44.065,4ola
A,protein,GLU,116,-36.574,-29.266,40.55,4ola
A,protein,VAL,117,-38.692,-26.262,39.595,4ola
A,protein,THR,118,-40.903,-26.029,36.514,4ola
A,protein,LEU,119,-42.248,-22.862,34.888,4ola
A,protein,ARG,126,-38.689,-23.997,31.803,4ola
A,protein,ILE,127,-37.09,-26.507,34.175,4ola
A,protein,PHE,128,-34.674,-25.318,36.849,4ola
A,protein,LYS,129,-32.559,-27.224,39.362,4ola
A,protein,VAL,130,-32.768,-25.296,42.63,4ola
A,protein,SER,131,-30.717,-26.283,45.665,4ola
A,protein,ILE,132,-31.394,-24.428,48.923,4ola
A,protein,LYS,133,-29.196,-23.838,51.99,4ola
A,protein,TRP,134,-29.037,-22.364,55.529,4ola
A,protein,VAL,135,-25.916,-20.172,55.744,4ola
A,protein,SER,136,-26.32,-18.635,59.21,4ola
A,protein,CYS,137,-28.711,-16.955,61.63,4ola
A,protein,VAL,138,-29.285,-13.214,61.486,4ola
A,protein,SER,139,-29.57,-11.956,65.055,4ola
A,protein,LEU,140,-31.978,-9.02,65.2,4ola
A,protein,GLN,141,-30.999,-8.628,68.854,4ola
A,protein,ALA,142,-27.498,-8.134,67.464,4ola
A,protein,LEU,143,-29.019,-5.316,65.426,4ola
A,protein,HIS,144,-30.646,-3.735,68.45,4ola
A,protein,ASP,145,-27.31,-3.79,70.294,4ola
A,protein,ALA,146,-25.452,-1.954,67.496,4ola
A,protein,LEU,147,-28.041,0.862,67.509,4ola
A,protein,SER,148,-26.608,1.926,70.858,4ola
A,protein,GLY,149,-22.834,1.948,70.667,4ola
A,protein,ARG,150,-21.505,-1.615,70.503,4ola
A,protein,LEU,151,-19.471,0.009,67.754,4ola
A,protein,VAL,154,-23.195,-2.376,62.792,4ola
A,protein,PRO,155,-23.818,-5.672,60.967,4ola
A,protein,PHE,156,-24.309,-4.837,57.283,4ola
A,protein,GLU,157,-25.778,-8.317,56.784,4ola
A,protein,THR,158,-28.612,-7.758,59.271,4ola
A,protein,ILE,159,-29.575,-4.469,57.624,4ola
A,protein,GLN,160,-29.506,-6.232,54.254,4ola
A,protein,ALA,161,-31.796,-8.997,55.534,4ola
A,protein,LEU,162,-34.447,-6.49,56.617,4ola
A,protein,ASP,163,-34.135,-4.666,53.304,4ola
A,protein,VAL,164,-34.876,-7.935,51.496,4ola
A,protein,VAL,165,-37.965,-8.392,53.678,4ola
A,protein,MET,166,-39.324,-4.895,53.038,4ola
A,protein,ARG,167,-38.837,-5.022,49.266,4ola
A,protein,HIS,168,-39.881,-8.613,48.52,4ola
A,protein,LEU,169,-43.506,-7.79,47.699,4ola
A,protein,PRO,170,-42.859,-4.587,45.699,4ola
A,protein,SER,171,-40.193,-6.461,43.715,4ola
A,protein,MET,172,-42.912,-8.791,42.429,4ola
A,protein,ARG,173,-45.457,-6.067,41.729,4ola
A,protein,TYR,174,-43.308,-3.332,40.212,4ola
A,protein,THR,175,-40.221,-2.824,38.066,4ola
A,protein,PRO,176,-37.276,-2.484,40.464,4ola
A,protein,VAL,177,-34.583,-0.01,39.444,4ola
A,protein,GLY,178,-31.702,-0.048,41.899,4ola
A,protein,ARG,179,-33.379,0.754,45.204,4ola
A,protein,SER,180,-36.478,2.203,43.541,4ola
A,protein,PHE,181,-39.703,0.772,42.123,4ola
A,protein,PHE,182,-41.582,1.975,39.04,4ola
A,protein,THR,183,-44.643,1.15,36.951,4ola
A,protein,ALA,184,-46.213,2.442,33.749,4ola
A,protein,SER,185,-48.89,5.097,34.217,4ola
A,protein,SER,189,-49.051,8.903,28.367,4ola
A,protein,ASN,190,-46.162,11.01,29.671,4ola
A,protein,PRO,191,-43.829,11.568,26.69,4ola
A,protein,LEU,192,-40.376,13.141,26.569,4ola
A,protein,GLY,193,-39.975,12.547,22.851,4ola
A,protein,GLY,194,-37.442,10.334,21.105,4ola
A,protein,GLY,195,-39.162,7.181,22.317,4ola
A,protein,ARG,196,-38.617,8.128,25.951,4ola
A,protein,GLU,197,-41.286,8.135,28.649,4ola
A,protein,VAL,198,-41.774,9.199,32.264,4ola
A,protein,TRP,199,-42.568,6.516,34.82,4ola
A,protein,PHE,200,-43.513,7.483,38.359,4ola
A,protein,GLY,201,-42.537,5.407,41.368,4ola
A,protein,PHE,202,-40.658,5.516,44.641,4ola
A,protein,HIS,203,-37.398,4.946,46.476,4ola
A,protein,GLN,204,-37.272,2.579,49.442,4ola
A,protein,SER,205,-34.408,1.634,51.753,4ola
A,protein,VAL,206,-33.829,0.465,55.322,4ola
A,protein,ARG,207,-31.433,2.698,57.246,4ola
A,protein,PRO,208,-29.777,2.648,60.674,4ola
A,protein,SER,209,-29.996,5.525,63.146,4ola
A,protein,LEU,210,-29.688,5.92,66.915,4ola
A,protein,TRP,211,-32.037,3.477,68.71,4ola
A,protein,LYS,212,-34.09,2.646,65.605,4ola
A,protein,MET,213,-34.15,1.183,62.124,4ola
A,protein,MET,214,-35.671,3.714,59.742,4ola
A,protein,LEU,215,-37.552,3.136,56.506,4ola
A,protein,ASN,216,-36.54,5.841,54.037,4ola
A,protein,ILE,217,-39.387,6.499,51.609,4ola
A,protein,ASP,218,-39.466,9.088,48.818,4ola
A,protein,VAL,219,-41.314,9.785,45.575,4ola
A,protein,SER,220,-39.319,9.391,42.371,4ola
A,protein,ALA,221,-39.498,9.477,38.58,4ola
A,protein,THR,222,-37.124,8.353,35.841,4ola
A,protein,ALA,223,-36.913,8.052,32.057,4ola
A,protein,PHE,224,-38.108,4.831,30.424,4ola
A,protein,TYR,225,-38.256,3.788,26.778,4ola
A,protein,LYS,226,-41.801,3.576,25.431,4ola
A,protein,ALA,227,-42.944,0.055,24.569,4ola
A,protein,GLN,228,-43.667,0.216,20.845,4ola
A,protein,PRO,229,-42.74,-1.255,17.441,4ola
A,protein,VAL,230,-39.181,-0.34,16.427,4ola
A,protein,ILE,231,-40.592,1.246,13.256,4ola
A,protein,GLU,232,-42.288,3.915,15.368,4ola
A,protein,PHE,233,-39.175,4.233,17.531,4ola
A,protein,VAL,234,-37.357,5.127,14.314,4ola
A,protein,CYS,235,-39.929,7.835,13.568,4ola
A,protein,GLU,236,-39.705,9.507,16.982,4ola
A,protein,VAL,237,-35.907,9.369,16.839,4ola
A,protein,LEU,238,-35.532,10.716,13.294,4ola
A,protein,ASP,239,-38.476,13.141,13.519,4ola
A,protein,PHE,240,-40.928,11.384,11.199,4ola
A,protein,LYS,241,-44.671,11.981,11.377,4ola
A,protein,SER,242,-44.887,8.8,9.315,4ola
A,protein,ILE,243,-42.374,6.16,8.203,4ola
A,protein,GLU,244,-43.7,6.384,4.634,4ola
A,protein,GLN,247,-39.765,6.018,1.404,4ola
A,protein,LYS,248,-36.101,5.159,0.794,4ola
A,protein,PRO,249,-32.906,4.009,2.612,4ola
A,protein,LEU,250,-31.635,6.182,5.464,4ola
A,protein,THR,251,-28.644,8.428,4.816,4ola
A,protein,ASP,252,-25.378,7.893,6.693,4ola
A,protein,SER,253,-26.583,10.685,8.973,4ola
A,protein,GLN,254,-29.936,9.164,9.946,4ola
A,protein,ARG,255,-28.518,5.685,10.545,4ola
A,protein,VAL,256,-25.796,6.894,12.924,4ola
A,protein,LYS,257,-28.35,8.813,14.99,4ola
A,protein,PHE,258,-30.669,5.794,15.011,4ola
A,protein,THR,259,-27.833,3.383,15.809,4ola
A,protein,LYS,260,-26.913,5.531,18.813,4ola
A,protein,GLU,261,-30.427,5.383,20.27,4ola
A,protein,ILE,262,-31.335,1.707,19.865,4ola
A,protein,LYS,263,-27.892,0.218,20.553,4ola
A,protein,GLY,264,-27.909,-1.794,23.773,4ola
A,protein,LEU,265,-31.7,-1.83,23.96,4ola
A,protein,LYS,266,-33.805,-4.985,24.148,4ola
A,protein,VAL,267,-36.173,-5.93,21.333,4ola
A,protein,GLU,268,-38.758,-8.689,20.913,4ola
A,protein,ILE,269,-40.046,-10.57,17.865,4ola
A,protein,THR,270,-43.657,-10.063,16.78,4ola
A,protein,ARG,277,-38.285,-14.012,21.933,4ola
A,protein,LYS,278,-36.126,-11.222,23.363,4ola
A,protein,TYR,279,-32.803,-10.004,21.961,4ola
A,protein,ARG,280,-30.116,-7.459,22.8,4ola
A,protein,VAL,281,-29.406,-4.976,20.003,4ola
A,protein,CYS,282,-25.667,-4.689,19.386,4ola
A,protein,ASN,283,-25.667,-2.771,16.085,4ola
A,protein,VAL,284,-27.633,-1.448,13.112,4ola
A,protein,THR,285,-26.6,-2.754,9.69,4ola
A,protein,ARG,286,-25.239,-0.394,7.049,4ola
A,protein,ARG,287,-27.224,-2.25,4.391,4ola
A,protein,PRO,288,-31.002,-2.588,3.872,4ola
A,protein,ALA,289,-32.79,-5.874,4.62,4ola
A,protein,SER,290,-33.18,-6.586,0.903,4ola
A,protein,HIS,291,-29.394,-6.729,0.548,4ola
A,protein,GLN,292,-28.087,-7.586,4.025,4ola
A,protein,THR,293,-26.792,-11.16,3.894,4ola
A,protein,PHE,294,-25.79,-13.935,6.287,4ola
A,protein,PRO,295,-24.242,-17.381,5.759,4ola
A,protein,LEU,296,-26.98,-20.018,5.517,4ola
A,protein,GLN,297,-26.134,-23.726,5.441,4ola
A,protein,GLN,298,-28.144,-25.867,3.03,4ola
A,protein,GLU,299,-28.861,-29.599,3.22,4ola
A,protein,SER,300,-25.933,-30.15,0.859,4ola
A,protein,GLY,301,-23.702,-28.946,3.685,4ola
A,protein,GLN,302,-22.586,-25.975,1.612,4ola
A,protein,THR,303,-23.033,-22.567,3.24,4ola
A,protein,VAL,304,-24.404,-19.782,1.05,4ola
A,protein,GLU,305,-24.972,-16.064,1.625,4ola
A,protein,CYS,306,-28.704,-15.422,1.963,4ola
A,protein,THR,307,-30.413,-12.043,2.284,4ola
A,protein,VAL,308,-32.516,-11.2,5.339,4ola
A,protein,ALA,309,-35.47,-10.434,3.067,4ola
A,protein,GLN,310,-35.229,-13.766,1.24,4ola
A,protein,TYR,311,-34.917,-15.691,4.504,4ola
A,protein,PHE,312,-37.981,-14.064,6.073,4ola
A,protein,LYS,313,-39.831,-14.845,2.848,4ola
A,protein,ASP,314,-38.822,-18.512,2.632,4ola
A,protein,ARG,315,-38.747,-19.363,6.338,4ola
A,protein,HIS,316,-41.485,-17.142,7.772,4ola
A,protein,LYS,317,-43.744,-16.612,4.74,4ola
A,protein,LEU,318,-43.261,-12.867,5.186,4ola
A,protein,VAL,319,-42.638,-10.363,2.402,4ola
A,protein,LEU,320,-40.846,-7.449,4.068,4ola
A,protein,ARG,321,-42.975,-4.308,3.914,4ola
A,protein,TYR,322,-39.989,-2.001,4.406,4ola
A,protein,PRO,323,-37.045,-3.786,2.733,4ola
A,protein,HIS,324,-35.26,-0.453,2.23,4ola
A,protein,LEU,325,-34.734,-0.078,5.984,4ola
A,protein,PRO,326,-31.677,-1.554,7.759,4ola
A,protein,CYS,327,-31.669,-4.512,10.158,4ola
A,protein,LEU,328,-30.988,-4.854,13.868,4ola
A,protein,GLN,329,-27.932,-6.971,14.604,4ola
A,protein,VAL,330,-28.581,-9.015,17.742,4ola
A,protein,GLY,331,-26.743,-11.6,19.819,4ola
A,protein,GLN,332,-23.128,-11.574,18.692,4ola
A,protein,GLU,333,-21.14,-11.903,15.463,4ola
A,protein,HIS,336,-24.864,-13.487,12.299,4ola
A,protein,THR,337,-28.351,-12.684,13.57,4ola
A,protein,TYR,338,-30.121,-9.811,11.817,4ola
A,protein,LEU,339,-33.675,-8.639,12.478,4ola
A,protein,PRO,340,-35.881,-6.471,10.225,4ola
A,protein,LEU,341,-37.157,-3.387,12.065,4ola
A,protein,GLU,342,-40.795,-4.182,11.282,4ola
A,protein,VAL,343,-40.805,-7.476,13.202,4ola
A,protein,CYS,344,-39.375,-5.999,16.405,4ola
A,protein,ASN,345,-40.863,-4.167,19.384,4ola
A,protein,ILE,346,-38.969,-2.193,22.009,4ola
A,protein,VAL,347,-39.224,-4.356,25.133,4ola
A,protein,ALA,348,-41.214,-2.73,27.943,4ola
A,protein,GLY,349,-39.617,-1.803,31.26,4ola
A,protein,GLN,350,-36.294,-0.51,29.942,4ola
A,protein,ARG,351,-34.884,2.522,31.752,4ola
A,protein,CYS,352,-33.105,5.24,29.777,4ola
A,protein,ILE,353,-29.456,5.495,30.797,4ola
A,protein,LYS,354,-28.208,7.647,27.92,4ola
A,protein,LYS,355,-27.983,11.437,28.168,4ola
A,protein,LEU,356,-31.266,13.317,27.764,4ola
A,protein,THR,357,-31.613,16.244,25.373,4ola
A,protein,ASP,358,-31.962,19.719,26.893,4ola
A,protein,ASN,359,-35.675,19.729,26.062,4ola
A,protein,GLN,360,-36.261,16.202,27.359,4ola
A,protein,THR,361,-34.694,16.918,30.748,4ola
A,protein,SER,362,-36.605,20.209,31.016,4ola
A,protein,THR,363,-39.949,18.471,30.518,4ola
A,protein,MET,364,-38.775,15.884,33.024,4ola
A,protein,ILE,365,-37.759,18.61,35.473,4ola
A,protein,ARG,366,-41.192,20.157,34.957,4ola
A,protein,ALA,367,-43.427,17.086,35.281,4ola
A,protein,THR,368,-41.513,16.018,38.396,4ola
A,protein,ALA,369,-40.848,19.335,40.159,4ola
A,protein,ARG,370,-43.157,20.327,43.012,4ola
A,protein,SER,371,-43.135,22.206,46.328,4ola
A,protein,ALA,372,-42.031,20.718,49.652,4ola
A,protein,PRO,373,-45.607,20.626,51.006,4ola
A,protein,ASP,374,-46.732,18.86,47.813,4ola
A,protein,ARG,375,-43.946,16.271,48.014,4ola
A,protein,GLN,376,-44.645,15.599,51.693,4ola
A,protein,GLU,377,-48.296,14.841,50.937,4ola
A,protein,GLU,378,-47.384,12.377,48.189,4ola
A,protein,ILE,379,-44.937,10.518,50.426,4ola
A,protein,SER,380,-47.816,10.239,52.903,4ola
A,protein,LYS,381,-50.131,8.874,50.204,4ola
A,protein,LEU,382,-47.511,6.365,49.16,4ola
A,protein,MET,383,-47.257,5.239,52.778,4ola
A,protein,ARG,384,-51.026,4.761,52.787,4ola
A,protein,SER,385,-50.972,2.814,49.514,4ola
A,protein,ALA,386,-47.903,0.787,50.49,4ola
A,protein,ASP,387,-49.64,-0.206,53.731,4ola
A,protein,PHE,388,-46.57,-1.965,55.137,4ola
A,protein,ASN,389,-48.409,-3.063,58.285,4ola
A,protein,THR,390,-50.577,-5.387,56.176,4ola
A,protein,ASP,391,-47.846,-6.61,53.833,4ola
A,protein,PRO,392,-47.93,-10.403,54.423,4ola
A,protein,TYR,393,-44.13,-10.608,54.449,4ola
A,protein,VAL,394,-43.281,-7.883,56.969,4ola
A,protein,ARG,395,-46.105,-9.33,59.069,4ola
A,protein,GLU,396,-44.45,-12.738,58.741,4ola
A,protein,PHE,397,-41.216,-11.251,60.081,4ola
A,protein,GLY,398,-43.127,-9.369,62.782,4ola
A,protein,ILE,399,-42.076,-5.935,61.543,4ola
A,protein,MET,400,-44.084,-2.757,62.101,4ola
A,protein,VAL,401,-43.633,0.569,60.306,4ola
A,protein,LYS,402,-44.827,3.833,61.862,4ola
A,protein,ASP,403,-47.255,5.759,59.654,4ola
A,protein,GLU,404,-45.988,9.216,60.637,4ola
A,protein,MET,405,-42.799,10.943,59.511,4ola
A,protein,THR,406,-40.036,11.163,62.105,4ola
A,protein,ASP,407,-40.029,14.392,64.111,4ola
A,protein,VAL,408,-36.579,15.989,64.132,4ola
A,protein,THR,409,-35.288,19.212,65.671,4ola
A,protein,GLY,410,-33.154,21.081,63.162,4ola
A,protein,ARG,411,-30.867,24.024,63.841,4ola
A,protein,VAL,412,-30.736,27.058,61.56,4ola
A,protein,LEU,413,-27.094,28.136,61.507,4ola
A,protein,GLN,414,-26.231,31.83,61.334,4ola
A,protein,PRO,415,-24.879,32.889,57.924,4ola
A,protein,PRO,416,-21.424,34.493,57.73,4ola
A,protein,SER,417,-21.072,38.198,57.002,4ola
A,protein,ILE,418,-19.75,38.903,53.511,4ola
A,protein,LEU,419,-17.028,41.553,53.292,4ola
A,protein,TYR,420,-16.779,43.703,50.171,4ola
A,protein,GLY,421,-14.308,46.43,49.233,4ola
A,protein,GLY,422,-14.156,49.674,47.291,4ola
A,protein,ARG,423,-15.005,53.017,48.869,4ola
A,protein,ASN,424,-17.209,51.927,51.767,4ola
A,protein,LYS,425,-15.965,48.344,52.309,4ola
A,protein,ALA,426,-19.602,47.305,52.779,4ola
A,protein,ILE,427,-20.642,44.174,54.662,4ola
A,protein,ALA,428,-23.42,42.044,53.19,4ola
A,protein,THR,429,-25.676,39.966,55.427,4ola
A,protein,PRO,430,-27.141,36.939,53.599,4ola
A,protein,VAL,431,-30.907,36.773,54.061,4ola
A,protein,GLN,432,-32.531,33.412,53.32,4ola
A,protein,GLY,433,-29.373,32.238,51.564,4ola
A,protein,VAL,434,-29.245,35.313,49.329,4ola
A,protein,TRP,435,-27.575,38.729,49.191,4ola
A,protein,ASP,436,-26.796,41.308,46.493,4ola
A,protein,MET,437,-24.219,43.914,45.472,4ola
A,protein,ARG,438,-26.363,47.05,45.655,4ola
A,protein,ASN,439,-24.151,49.878,46.946,4ola
A,protein,LYS,440,-21.268,47.396,47.106,4ola
A,protein,GLN,441,-17.981,46.91,45.252,4ola
A,protein,PHE,442,-15.531,44.014,44.843,4ola
A,protein,HIS,443,-13.014,43.296,47.62,4ola
A,protein,THR,444,-10.249,43.681,45.061,4ola
A,protein,GLY,445,-11.723,44.768,41.743,4ola
A,protein,ILE,446,-9.659,44.504,38.573,4ola
A,protein,GLU,447,-9.314,47.824,36.764,4ola
A,protein,ILE,448,-9.657,46.685,33.155,4ola
A,protein,LYS,449,-8.011,48.74,30.41,4ola
A,protein,VAL,450,-7.422,46.366,27.486,4ola
A,protein,TRP,451,-10.072,43.999,26.118,4ola
A,protein,ALA,452,-11.38,42.565,22.848,4ola
A,protein,ILE,453,-14.754,41.417,21.508,4ola
A,protein,ALA,454,-15.204,38.465,19.152,4ola
A,protein,CYS,455,-18.779,38.049,17.937,4ola
A,protein,PHE,456,-19.585,34.639,16.464,4ola
A,protein,ALA,457,-23.21,35.691,16.193,4ola
A,protein,PRO,458,-24.082,36.915,12.676,4ola
A,protein,GLN,459,-23.907,40.677,12.082,4ola
A,protein,ARG,460,-27.403,40.27,10.637,4ola
A,protein,GLN,461,-28.777,39.507,14.109,4ola
A,protein,CYS,462,-26.145,40.978,16.412,4ola
A,protein,THR,463,-25.826,44.374,14.738,4ola
A,protein,GLU,464,-23.29,47.047,15.697,4ola
A,protein,VAL,465,-25.872,48.949,17.752,4ola
A,protein,HIS,466,-26.358,45.904,19.986,4ola
A,protein,LEU,467,-22.644,45.748,20.764,4ola
A,protein,LYS,468,-22.442,49.487,21.415,4ola
A,protein,SER,469,-25.485,49.235,23.677,4ola
A,protein,PHE,470,-24.168,46.039,25.279,4ola
A,protein,THR,471,-20.713,47.513,25.911,4ola
A,protein,GLU,472,-22.271,50.704,27.275,4ola
A,protein,GLN,473,-24.473,48.861,29.774,4ola
A,protein,LEU,474,-21.71,46.434,30.75,4ola
A,protein,ARG,475,-19.263,49.201,31.639,4ola
A,protein,LYS,476,-21.797,51.067,33.782,4ola
A,protein,ILE,477,-22.536,47.938,35.816,4ola
A,protein,SER,478,-18.832,47.105,36.106,4ola
A,protein,ARG,479,-18.301,50.682,37.269,4ola
A,protein,ASP,480,-20.836,50.146,40.052,4ola
A,protein,ALA,481,-19.387,46.722,40.867,4ola
A,protein,GLY,482,-15.927,48.093,41.632,4ola
A,protein,MET,483,-14.432,46.365,38.603,4ola
A,protein,PRO,484,-14.063,49.493,36.46,4ola
A,protein,ILE,485,-13.852,48.752,32.747,4ola
A,protein,GLN,486,-11.964,51.767,31.423,4ola
A,protein,GLY,487,-11.968,52.663,27.733,4ola
A,protein,GLN,488,-13.863,51.122,24.82,4ola
A,protein,PRO,489,-12.771,47.693,23.587,4ola
A,protein,CYS,490,-9.438,47.906,21.757,4ola
A,protein,PHE,491,-10.818,45.4,19.266,4ola
A,protein,CYS,492,-14.284,44.392,18.055,4ola
A,protein,LYS,493,-14.827,41.961,15.177,4ola
A,protein,TYR,494,-17.109,39.349,13.633,4ola
A,protein,ALA,495,-16.236,35.723,12.886,4ola
A,protein,GLN,496,-17.918,32.403,12.092,4ola
A,protein,GLY,497,-17.149,28.771,12.891,4ola
A,protein,ALA,498,-14.998,27.233,15.625,4ola
A,protein,ASP,499,-12.144,27.075,13.139,4ola
A,protein,SER,500,-11.363,30.801,13.215,4ola
A,protein,VAL,501,-10.763,31.087,16.962,4ola
A,protein,GLU,502,-7.039,30.361,17.231,4ola
A,protein,PRO,503,-5.88,32.507,14.273,4ola
A,protein,MET,504,-7.981,35.295,15.765,4ola
A,protein,PHE,505,-6.59,34.581,19.236,4ola
A,protein,ARG,506,-2.949,34.442,18.174,4ola
A,protein,HIS,507,-3.565,37.673,16.363,4ola
A,protein,LEU,508,-5.027,39.341,19.486,4ola
A,protein,LYS,509,-2.221,38.235,21.836,4ola
A,protein,ASN,510,0.682,39.423,19.682,4ola
A,protein,THR,511,-0.925,42.792,18.711,4ola
A,protein,TYR,512,-2.534,44.146,21.895,4ola
A,protein,ALA,513,-0.079,44.332,24.792,4ola
A,protein,GLY,514,-1.5,43.718,28.258,4ola
A,protein,LEU,515,-4.64,42.182,26.752,4ola
A,protein,GLN,516,-6.726,41.039,29.708,4ola
A,protein,LEU,517,-10.042,39.655,28.46,4ola
A,protein,VAL,518,-11.747,38.462,25.276,4ola
A,protein,VAL,519,-15.547,38.624,25.441,4ola
A,protein,VAL,520,-16.928,36.063,22.986,4ola
A,protein,ILE,521,-20.508,36.19,21.686,4ola
A,protein,LEU,522,-22.268,32.962,20.684,4ola
A,protein,PRO,523,-25.628,31.935,19.13,4ola
A,protein,GLY,524,-27.065,29.083,21.215,4ola
A,protein,LYS,525,-25.41,25.671,21.467,4ola
A,protein,THR,526,-22.407,25.275,19.162,4ola
A,protein,PRO,527,-18.939,23.626,19.117,4ola
A,protein,VAL,528,-17.129,26.996,18.965,4ola
A,protein,TYR,529,-17.544,27.367,22.734,4ola
A,protein,ALA,530,-15.379,24.273,23.206,4ola
A,protein,GLU,531,-12.75,25.718,20.873,4ola
A,protein,VAL,532,-12.73,29.091,22.627,4ola
A,protein,LYS,533,-12.105,27.362,25.949,4ola
A,protein,ARG,534,-9.443,25.04,24.525,4ola
A,protein,VAL,535,-7.464,27.856,22.915,4ola
A,protein,GLY,536,-8.04,30.184,25.858,4ola
A,protein,ASP,537,-7.294,27.774,28.7,4ola
A,protein,THR,538,-4.703,25.364,27.32,4ola
A,protein,VAL,539,-2.555,26.722,24.47,4ola
A,protein,LEU,540,-2.506,30.548,24.442,4ola
A,protein,GLY,541,-3.446,31.083,28.089,4ola
A,protein,MET,542,-5.891,33.963,27.7,4ola
A,protein,ALA,543,-8.893,34.768,29.89,4ola
A,protein,THR,544,-12.124,34.505,27.899,4ola
A,protein,GLN,545,-15.751,35.212,28.794,4ola
A,protein,CYS,546,-18.452,33.721,26.575,4ola
A,protein,VAL,547,-21.975,35.144,26.375,4ola
A,protein,GLN,548,-25.153,34.239,24.475,4ola
A,protein,MET,549,-26.348,36.434,21.604,4ola
A,protein,LYS,550,-29.737,37.042,23.229,4ola
A,protein,ASN,551,-28.073,38.346,26.395,4ola
A,protein,VAL,552,-26.351,40.941,24.217,4ola
A,protein,GLN,553,-29.501,42.036,22.389,4ola
A,protein,ARG,554,-31.616,42.348,25.541,4ola
A,protein,THR,555,-29.453,43.186,28.562,4ola
A,protein,THR,556,-30.511,43.271,32.217,4ola
A,protein,PRO,557,-28.659,44.751,35.236,4ola
A,protein,GLN,558,-28.736,41.418,37.094,4ola
A,protein,THR,559,-27.333,39.397,34.185,4ola
A,protein,LEU,560,-24.525,41.898,33.593,4ola
A,protein,SER,561,-23.799,41.951,37.325,4ola
A,protein,ASN,562,-23.462,38.16,37.375,4ola
A,protein,LEU,563,-21.288,38.402,34.274,4ola
A,protein,CYS,564,-18.92,40.742,36.116,4ola
A,protein,LEU,565,-18.675,38.219,38.957,4ola
A,protein,LYS,566,-17.077,35.647,36.658,4ola
A,protein,ILE,567,-14.957,38.243,34.854,4ola
A,protein,ASN,568,-13.321,39.721,37.961,4ola
A,protein,VAL,569,-12.244,36.349,39.363,4ola
A,protein,LYS,570,-10.958,35.249,35.956,4ola
A,protein,LEU,571,-8.679,38.29,35.962,4ola
A,protein,GLY,572,-7.356,37.407,39.411,4ola
A,protein,GLY,573,-9.68,39.672,41.367,4ola
A,protein,VAL,574,-11.454,38.985,44.648,4ola
A,protein,ASN,575,-15.214,39.573,44.548,4ola
A,protein,ASN,576,-15.619,39.197,48.3,4ola
A,protein,ILE,577,-14.367,37.29,51.332,4ola
A,protein,LEU,578,-15.865,35.824,54.485,4ola
A,protein,LEU,579,-15.731,38.367,57.304,4ola
A,protein,PRO,580,-12.304,37.478,58.799,4ola
A,protein,GLN,581,-13.27,37.718,62.484,4ola
A,protein,GLY,582,-16.447,35.805,61.68,4ola
A,protein,ARG,583,-14.601,32.553,61.008,4ola
A,protein,PRO,584,-14.113,29.206,62.836,4ola
A,protein,PRO,585,-10.925,28.5,64.902,4ola
A,protein,VAL,586,-9.459,26.469,62.011,4ola
A,protein,PHE,587,-8.237,29.689,60.361,4ola
A,protein,GLN,588,-5.859,30.387,63.259,4ola
A,protein,GLN,589,-3.208,28.353,61.438,4ola
A,protein,PRO,590,-2.484,28.011,57.698,4ola
A,protein,VAL,591,-5.016,25.651,56.118,4ola
A,protein,ILE,592,-5.78,24.387,52.616,4ola
A,protein,PHE,593,-9.255,23.334,51.491,4ola
A,protein,LEU,594,-9.547,20.638,48.84,4ola
A,protein,GLY,595,-12.477,19.734,46.611,4ola
A,protein,ALA,596,-12.477,16.443,44.729,4ola
A,protein,ASP,597,-14.89,14.977,42.19,4ola
A,protein,VAL,598,-14.811,12.531,39.287,4ola
A,protein,THR,599,-17.313,12.711,36.428,4ola
A,protein,HIS,600,-18.259,9.759,34.229,4ola
A,protein,PRO,601,-19.373,9.739,30.566,4ola
A,protein,LYS,608,-14.881,7.376,27.294,4ola
A,protein,PRO,609,-12.447,8.032,30.149,4ola
A,protein,SER,610,-13.573,9.314,33.544,4ola
A,protein,ILE,611,-12.346,12.735,34.648,4ola
A,protein,ALA,612,-10.899,13.325,38.113,4ola
A,protein,ALA,613,-10.626,16.905,39.359,4ola
A,protein,VAL,614,-9.042,18.241,42.548,4ola
A,protein,VAL,615,-9.031,21.931,43.477,4ola
A,protein,GLY,616,-7.222,23.663,46.332,4ola
A,protein,SER,617,-7.487,27.028,48.073,4ola
A,protein,MET,618,-4.519,29.339,47.515,4ola
A,protein,ASP,619,-5.175,31.941,50.216,4ola
A,protein,ALA,620,-6.471,32.295,53.776,4ola
A,protein,HIS,621,-9.769,33.994,52.889,4ola
A,protein,PRO,622,-10.394,31.388,51.363,4ola
A,protein,ASN,623,-11.158,32.672,47.856,4ola
A,protein,ARG,624,-8.82,31.75,44.992,4ola
A,protein,TYR,625,-8.493,28.097,43.974,4ola
A,protein,CYS,626,-6.039,26.232,41.75,4ola
A,protein,ALA,627,-7.228,23.345,39.593,4ola
A,protein,THR,628,-5.703,19.94,38.904,4ola
A,protein,VAL,629,-7.326,17.504,36.485,4ola
A,protein,ARG,630,-6.642,13.995,35.183,4ola
A,protein,VAL,631,-8.147,11.689,32.606,4ola
A,protein,GLN,632,-8.448,8.222,34.129,4ola
A,protein,GLN,633,-10.086,4.814,33.784,4ola
A,protein,HIS,634,-13.617,4.612,32.382,4ola
A,protein,ARG,635,-16.065,4.679,35.314,4ola
A,protein,GLN,636,-13.452,4.292,38.06,4ola
A,protein,GLU,637,-14.561,6.261,41.117,4ola
A,protein,ILE,638,-11.195,6.174,42.889,4ola
A,protein,ILE,639,-8.914,9.079,41.993,4ola
A,protein,GLN,640,-5.875,7.131,40.779,4ola
A,protein,ASP,641,-3.339,9.95,40.587,4ola
A,protein,LEU,642,-4.506,11.773,43.725,4ola
A,protein,ALA,643,-1.074,11.895,45.384,4ola
A,protein,ALA,644,0.435,13.742,42.42,4ola
A,protein,MET,645,-2.526,16.127,42.199,4ola
A,protein,VAL,646,-2.361,16.934,45.915,4ola
A,protein,ARG,647,1.403,17.469,45.668,4ola
A,protein,GLU,648,0.945,20.068,42.919,4ola
A,protein,LEU,649,-1.635,21.948,44.984,4ola
A,protein,LEU,650,0.52,21.919,48.116,4ola
A,protein,ILE,651,3.38,23.349,46.056,4ola
A,protein,GLN,652,1.144,26.085,44.639,4ola
A,protein,PHE,653,-0.207,26.894,48.106,4ola
A,protein,TYR,654,3.325,27.393,49.389,4ola
A,protein,LYS,655,4.319,29.583,46.443,4ola
A,protein,SER,656,1.304,31.83,47.037,4ola
A,protein,THR,657,1.317,32.083,50.834,4ola
A,protein,ARG,658,4.885,31.034,51.75,4ola
A,protein,PHE,659,3.179,28.785,54.312,4ola
A,protein,LYS,660,2.775,25.03,54.504,4ola
A,protein,PRO,661,-0.767,24.174,55.638,4ola
A,protein,THR,662,-0.962,22.533,59.064,4ola
A,protein,ARG,663,-4.379,21.169,58.114,4ola
A,protein,ILE,664,-5.84,19.635,54.963,4ola
A,protein,ILE,665,-9.636,19.736,54.741,4ola
A,protein,PHE,666,-10.755,17.356,52.002,4ola
A,protein,TYR,667,-14.29,17.568,50.586,4ola
A,protein,ARG,668,-14.955,14.522,48.407,4ola
A,protein,ASP,669,-18.072,14.507,46.218,4ola
A,protein,GLY,670,-19.784,11.675,44.353,4ola
A,protein,VAL,671,-19.138,8.718,46.654,4ola
A,protein,SER,672,-21.691,6.187,47.916,4ola
A,protein,GLU,673,-21.7,4.498,51.332,4ola
A,protein,GLY,674,-20.787,1.148,49.789,4ola
A,protein,GLN,675,-17.507,2.633,48.594,4ola
A,protein,PHE,676,-16.542,4.493,51.788,4ola
A,protein,GLN,677,-13.768,2.061,52.75,4ola
A,protein,GLN,678,-12.151,1.821,49.306,4ola
A,protein,VAL,679,-11.8,5.524,48.502,4ola
A,protein,LEU,680,-10.768,6.217,52.097,4ola
A,protein,HIS,681,-8.097,3.522,51.849,4ola
A,protein,HIS,682,-6.533,4.657,48.571,4ola
A,protein,GLU,683,-7.21,8.388,48.822,4ola
A,protein,LEU,684,-6.311,9.061,52.473,4ola
A,protein,LEU,685,-3.048,7.185,51.937,4ola
A,protein,ALA,686,-2.513,9.102,48.687,4ola
A,protein,ILE,687,-2.98,12.498,50.369,4ola
A,protein,ARG,688,-0.612,11.312,53.106,4ola
A,protein,GLU,689,1.855,10.065,50.487,4ola
A,protein,ALA,690,1.828,13.543,48.944,4ola
A,protein,CYS,691,2.886,15.225,52.192,4ola
A,protein,ILE,692,5.66,12.704,52.919,4ola
A,protein,LYS,693,6.991,12.935,49.358,4ola
A,protein,LEU,694,7.012,16.72,49.821,4ola
A,protein,GLU,695,9.136,16.63,52.929,4ola
A,protein,LYS,696,9.995,13.798,55.354,4ola
A,protein,ASP,697,8.553,15.212,58.583,4ola
A,protein,TYR,698,5.644,17.106,57.009,4ola
A,protein,GLN,699,2.535,15.797,58.76,4ola
A,protein,PRO,700,-0.492,18.121,58.546,4ola
A,protein,GLY,701,-3.791,16.978,60.059,4ola
A,protein,ILE,702,-6.203,15.577,57.491,4ola
A,protein,THR,703,-9.989,15.829,57.609,4ola
A,protein,PHE,704,-11.692,13.61,55.032,4ola
A,protein,ILE,705,-15.318,14.527,54.325,4ola
A,protein,VAL,706,-17.628,12.939,51.763,4ola
A,protein,VAL,707,-20.414,15.182,50.467,4ola
A,protein,GLN,708,-23.573,13.598,49.046,4ola
A,protein,LYS,709,-26.421,15.253,47.14,4ola
A,protein,ARG,710,-27.689,12.028,45.581,4ola
A,protein,HIS,711,-29.738,10.509,48.397,4ola
A,protein,HIS,712,-33.428,10.404,49.316,4ola
A,protein,THR,713,-33.788,12.144,52.674,4ola
A,protein,ARG,714,-36.091,15.149,52.648,4ola
A,protein,LEU,715,-36.71,17.632,55.45,4ola
A,protein,PHE,716,-40.013,19.473,55.82,4ola
A,protein,CYS,717,-41.032,22.362,58.068,4ola
A,protein,THR,718,-43.456,21.309,60.798,4ola
A,protein,ASP,719,-44.528,24.913,61.339,4ola
A,protein,LYS,720,-45.912,26.626,58.234,4ola
A,protein,ASN,721,-44.416,29.94,59.375,4ola
A,protein,GLU,722,-40.935,28.514,58.778,4ola
A,protein,ARG,723,-41.611,27.701,55.117,4ola
A,protein,VAL,724,-39.578,29.821,52.697,4ola
A,protein,GLY,725,-40.837,31.088,49.344,4ola
A,protein,LYS,726,-43.374,29.556,46.973,4ola
A,protein,SER,727,-41.675,26.152,47.126,4ola
A,protein,GLY,728,-42.136,26.21,50.904,4ola
A,protein,ASN,729,-38.744,24.689,51.695,4ola
A,protein,ILE,730,-36.653,24.732,54.861,4ola
A,protein,PRO,731,-34.549,27.904,55.198,4ola
A,protein,ALA,732,-30.92,28.124,54.111,4ola
A,protein,GLY,733,-28.691,26.753,56.847,4ola
A,protein,THR,734,-30.829,24.216,58.705,4ola
A,protein,THR,735,-28.609,21.479,60.113,4ola
A,protein,VAL,736,-29.61,17.996,61.319,4ola
A,protein,ASP,737,-27.391,15.487,63.14,4ola
A,protein,THR,738,-29.62,13.835,65.756,4ola
A,protein,LYS,739,-32.411,11.437,64.725,4ola
A,protein,ILE,740,-31.84,10.181,61.166,4ola
A,protein,THR,741,-28.033,10.254,61.212,4ola
A,protein,HIS,742,-25.468,7.522,61.881,4ola
A,protein,PRO,743,-25.78,5.762,65.27,4ola
A,protein,THR,744,-22.038,6.037,66.019,4ola
A,protein,GLU,745,-20.184,7.902,63.267,4ola
A,protein,PHE,746,-19.616,11.578,62.446,4ola
A,protein,ASP,747,-22.256,12.682,59.926,4ola
A,protein,PHE,748,-24.799,15.474,59.428,4ola
A,protein,TYR,749,-27.232,17.011,56.952,4ola
A,protein,LEU,750,-26.853,20.66,55.995,4ola
A,protein,CYS,751,-29.225,22.432,53.636,4ola
A,protein,SER,752,-27.016,25.435,52.948,4ola
A,protein,HIS,753,-29.009,26.751,49.994,4ola
A,protein,ALA,754,-32.338,28.507,49.51,4ola
A,protein,GLY,755,-34.958,26.328,47.85,4ola
A,protein,ILE,756,-35.973,28.113,44.66,4ola
A,protein,GLN,757,-38.114,25.385,43.106,4ola
A,protein,GLY,758,-39.242,21.849,43.892,4ola
A,protein,THR,759,-38.082,20.242,47.123,4ola
A,protein,SER,760,-34.604,21.05,48.43,4ola
A,protein,ARG,761,-31.93,18.37,48.706,4ola
A,protein,PRO,762,-30.143,18.71,52.051,4ola
A,protein,SER,763,-26.494,17.861,51.367,4ola
A,protein,HIS,764,-25.142,15.045,53.529,4ola
A,protein,TYR,765,-21.634,15.148,54.992,4ola
A,protein,HIS,766,-19.858,12.098,56.394,4ola
A,protein,VAL,767,-16.48,12.464,58.1,4ola
A,protein,LEU,768,-14.403,9.428,57.137,4ola
A,protein,TRP,769,-11.297,10.717,58.919,4ola
A,protein,ASP,770,-10.335,13.606,61.198,4ola
A,protein,ASP,771,-6.876,14.199,62.685,4ola
A,protein,ASN,772,-7.947,17.742,63.511,4ola
A,protein,ARG,773,-10.561,16.774,66.117,4ola
A,protein,PHE,774,-13.378,18.994,64.853,4ola
A,protein,SER,775,-16.367,19.463,67.117,4ola
A,protein,SER,776,-19.78,19.08,65.482,4ola
A,protein,ASP,777,-20.529,22.81,65.585,4ola
A,protein,GLU,778,-17.246,24.09,64.142,4ola
A,protein,LEU,779,-17.245,21.667,61.215,4ola
A,protein,GLN,780,-20.921,22.313,60.441,4ola
A,protein,ILE,781,-20.308,26.066,60.622,4ola
A,protein,LEU,782,-17.184,25.643,58.486,4ola
A,protein,THR,783,-18.875,23.859,55.574,4ola
A,protein,TYR,784,-21.782,26.307,55.749,4ola
A,protein,GLN,785,-19.436,29.29,55.471,4ola
A,protein,LEU,786,-17.57,27.599,52.615,4ola
A,protein,CYS,787,-20.907,27.46,50.782,4ola
A,protein,HIS,788,-20.84,31.27,50.852,4ola
A,protein,THR,789,-17.532,31.57,48.985,4ola
A,protein,TYR,790,-18.834,30.474,45.575,4ola
A,protein,VAL,791,-17.877,33.304,43.217,4ola
A,protein,ARG,792,-20.392,32.759,40.402,4ola
A,protein,CYS,793,-23.31,34.1,42.455,4ola
A,protein,THR,794,-24.174,36.137,45.542,4ola
A,protein,ARG,795,-25.919,33.111,47.038,4ola
A,protein,SER,796,-25.115,30.328,49.464,4ola
A,protein,VAL,797,-24.768,27.194,47.332,4ola
A,protein,SER,798,-25.802,23.593,48.035,4ola
A,protein,ILE,799,-22.245,22.303,48.521,4ola
A,protein,PRO,800,-18.982,23.972,49.619,4ola
A,protein,ALA,801,-17.231,25.966,46.873,4ola
A,protein,PRO,802,-14.219,23.595,46.602,4ola
A,protein,ALA,803,-16.508,20.642,45.853,4ola
A,protein,TYR,804,-18.467,22.756,43.371,4ola
A,protein,TYR,805,-15.307,24.026,41.663,4ola
A,protein,ALA,806,-14.071,20.453,41.188,4ola
A,protein,HIS,807,-17.27,19.713,39.283,4ola
A,protein,LEU,808,-16.756,22.756,37.053,4ola
A,protein,VAL,809,-13.137,21.778,36.398,4ola
A,protein,ALA,810,-14.082,18.259,35.309,4ola
A,protein,PHE,811,-16.932,19.654,33.21,4ola
A,protein,ARG,812,-14.509,22.072,31.547,4ola
A,protein,ALA,813,-12.069,19.218,30.957,4ola
A,protein,ARG,814,-14.876,17.61,28.97,4ola
A,protein,TYR,815,-14.99,20.558,26.553,4ola
A,protein,HIS,816,-11.188,20.421,26.414,4ola
A,protein,LEU,817,-11.785,17.028,24.768,4ola
A,protein,HIS,839,-4.009,8.221,26.31,4ola
A,protein,GLN,840,-0.835,10.274,26.125,4ola
A,protein,ALA,841,-3.051,12.591,24.076,4ola
A,protein,LEU,842,-6.014,12.609,26.438,4ola
A,protein,ALA,843,-3.863,13.688,29.376,4ola
A,protein,LYS,844,-2.31,16.403,27.201,4ola
A,protein,ALA,845,-5.535,17.748,25.683,4ola
A,protein,VAL,846,-6.633,18.272,29.283,4ola
A,protein,GLN,847,-3.459,19.95,30.549,4ola
A,protein,VAL,848,-3.736,23.7,31.133,4ola
A,protein,HIS,849,-1.551,26.7,30.19,4ola
A,protein,GLN,850,0.988,28.05,32.692,4ola
A,protein,ASP,851,-0.525,31.524,33.241,4ola
A,protein,THR,852,-4.09,30.234,33.32,4ola
A,protein,LEU,853,-3.23,27.883,36.18,4ola
A,protein,ARG,854,-2.583,30.992,38.296,4ola
A,protein,THR,855,-6.328,31.643,38.488,4ola
A,protein,MET,856,-9.901,30.335,38.377,4ola
A,protein,TYR,857,-10.474,29.961,34.628,4ola
A,protein,PHE,858,-13.241,27.432,35.261,4ola
A,protein,ALA,859,-15.549,30.045,36.794,4ola
B,RNA,A,1,-22.605,29.593,27.068,4ola
B,RNA,A,2,-24.974,35.433,33.436,4ola
B,RNA,A,3,-26.472,32.47,37.539,4ola
B,RNA,A,4,-28.405,29.392,41.289,4ola
B,RNA,A,5,-32.037,25.851,42.491,4ola
B,RNA,A,6,-34.687,21.672,40.748,4ola
B,RNA,A,7,-35.788,15.287,37.949,4ola
B,RNA,A,8,-32.976,11.166,35.966,4ola
B,RNA,U,21,-30.334,-15.411,11.495,4ola
